Category,Month,Cost
Proposed Edge-based System,2025/01,672
Proposed Edge-based System,2025/02,672
Proposed Edge-based System,2025/03,672
Proposed Edge-based System,2025/04,672
Proposed Edge-based System,2025/05,672
Proposed Edge-based System,2025/06,672
Proposed Edge-based System,2025/07,672
Proposed Edge-based System,2025/08,672
Proposed Edge-based System,2025/09,672
Proposed Edge-based System,2025/10,672
Proposed Edge-based System,2025/11,672
Proposed Edge-based System,2025/12,672
Proposed Edge-based System,2026/01,672
Proposed Edge-based System,2026/02,672
Proposed Edge-based System,2026/03,672
Proposed Edge-based System,2026/04,672
Proposed Edge-based System,2026/05,672
Proposed Edge-based System,2026/06,672
Proposed Edge-based System,2026/07,672
Proposed Edge-based System,2026/08,672
Proposed Edge-based System,2026/09,672
Proposed Edge-based System,2026/10,672
Proposed Edge-based System,2026/11,672
Proposed Edge-based System,2026/12,672
Proposed Edge-based System,2027/01,672
Proposed Edge-based System,2027/02,672
Proposed Edge-based System,2027/03,672
Proposed Edge-based System,2027/04,672
Proposed Edge-based System,2027/05,672
Proposed Edge-based System,2027/06,672
Proposed Edge-based System,2027/07,672
Proposed Edge-based System,2027/08,672
Proposed Edge-based System,2027/09,672
Proposed Edge-based System,2027/10,672
Proposed Edge-based System,2027/11,672
Proposed Edge-based System,2027/12,672
Kami Fall Detect Camera,2025/01,144
Kami Fall Detect Camera,2025/02,189
Kami Fall Detect Camera,2025/03,234
Kami Fall Detect Camera,2025/04,279
Kami Fall Detect Camera,2025/05,324
Kami Fall Detect Camera,2025/06,369
Kami Fall Detect Camera,2025/07,414
Kami Fall Detect Camera,2025/08,459
Kami Fall Detect Camera,2025/09,504
Kami Fall Detect Camera,2025/10,549
Kami Fall Detect Camera,2025/11,594
Kami Fall Detect Camera,2025/12,639
Kami Fall Detect Camera,2026/01,684
Kami Fall Detect Camera,2026/02,729
Kami Fall Detect Camera,2026/03,774
Kami Fall Detect Camera,2026/04,819
Kami Fall Detect Camera,2026/05,864
Kami Fall Detect Camera,2026/06,909
Kami Fall Detect Camera,2026/07,954
Kami Fall Detect Camera,2026/08,999
Kami Fall Detect Camera,2026/09,1044
Kami Fall Detect Camera,2026/10,1089
Kami Fall Detect Camera,2026/11,1134
Kami Fall Detect Camera,2026/12,1179
Kami Fall Detect Camera,2027/01,1224
Kami Fall Detect Camera,2027/02,1269
Kami Fall Detect Camera,2027/03,1314
Kami Fall Detect Camera,2027/04,1359
Kami Fall Detect Camera,2027/05,1404
Kami Fall Detect Camera,2027/06,1449
Kami Fall Detect Camera,2027/07,1494
Kami Fall Detect Camera,2027/08,1539
Kami Fall Detect Camera,2027/09,1584
Kami Fall Detect Camera,2027/10,1629
Kami Fall Detect Camera,2027/11,1674
Kami Fall Detect Camera,2027/12,1719